id,nombre,apellidos,numero_telefono,codigo_postal,url_registro,otra_info,estado,respuesta,columa_adicional,campo_adicional
6df3f0c8-46c3-462a-b3b1-b4628e6d7a57,Steven,Mx. Amy Black Jr.,+34 169143495,91540,https://ejemplo.com/registro/38,*información adicional*,Actiu,Volver a llamar,,
7e29a77f-7524-4032-8269-30e9c562f953,Gary,Allison Phelps,+34 821082123,69369,https://ejemplo.com/registro/49,*información adicional*,Fallit,Cuelga/no colabora,,
547eaf48-7327-44bf-9aca-b1c87a174c40,Erin,Joseph Wagner,+34 680934314,61193,https://ejemplo.com/registro/71,*información adicional*,Fallit,NO interesa propuesta,,
a89b9de1-6831-4677-9678-185526c49df6,Tiffany,John Mendez,+34 179643922,57189,https://ejemplo.com/registro/19,*información adicional*,Actiu,Robinsion,,
f6b5ff91-c02e-43fe-892f-4a0f4aac0273,Jennifer,Amanda Bailey,+34 976413758,65497,https://ejemplo.com/registro/74,*información adicional*,Fallit,NO interesa propuesta,,
0651abaa-aa37-422d-befb-42555ab3ec64,Kyle,Megan Santana,+34 792946402,34514,https://ejemplo.com/registro/43,*información adicional*,Actiu,Robinsion,,
64e29459-b96c-4636-a4fc-1daa1a16db7d,Emily,Connie Watkins MD,+34 530216321,28647,https://ejemplo.com/registro/14,*información adicional*,Pendent,Telefono erroneo,,
53bced8f-a23c-4a26-86c3-0695d7a6d734,Jorge,John Smith DDS,+34 128864598,94342,https://ejemplo.com/registro/73,*información adicional*,Fallit,Robinsion,,
9e7c74be-e748-4097-9f1a-d2d5f91f13a4,Shannon,Cheryl Hall,+34 447989050,88973,https://ejemplo.com/registro/41,*información adicional*,Fallit,NO interesa propuesta,,
a6f77a72-a2f3-456b-ae58-af41a823ec28,Michelle,Matthew Baldwin,+34 119859745,40182,https://ejemplo.com/registro/3,*información adicional*,Fallit,No contrata por mejor oferta,,
672cc002-995c-4177-8d71-0dcdccd24b9b,Bryan,Victoria Beck,+34 138306135,92193,https://ejemplo.com/registro/60,*información adicional*,Fallit,NO interesa propuesta,,
8a527593-9291-460a-8970-f528bd4e2b1b,Darrell,Stephanie Adams,+34 457641099,49581,https://ejemplo.com/registro/46,*información adicional*,Fallit,Telefono erroneo,,
2ebbdba8-ac64-4bf5-8830-86980e37598f,Tonya,Alicia Armstrong,+34 923334281,12173,https://ejemplo.com/registro/21,*información adicional*,Pendent,Telefono erroneo,,
563f904f-e43a-4ae6-876d-3703fbad546b,Jason,Teresa Daniels,+34 725038499,97231,https://ejemplo.com/registro/16,*información adicional*,Pendent,Telefono erroneo,,
ae4f6f32-2470-4c60-8eae-f6133c8786a0,Erin,Michael Meza,+34 343213534,14144,https://ejemplo.com/registro/85,*información adicional*,Fallit,No contrata por mejor oferta,,
3ce2947a-c905-46b5-a3ca-b8946091ba70,Dennis,Margaret Clark,+34 938053308,51890,https://ejemplo.com/registro/64,*información adicional*,Pendent,NO interesa propuesta,,
5dc94b22-d6dc-471f-9fa6-04b1c582b4df,Dustin,Mx. Lisa Powell,+34 348959677,73535,https://ejemplo.com/registro/44,*información adicional*,Pendent,Volver a llamar,,
ae7b914a-8ebc-40cd-90ef-cc223477fe63,Ryan,George Murphy,+34 450258602,88573,https://ejemplo.com/registro/93,*información adicional*,Pendent,Telefono erroneo,,
af13a81c-acfa-4d80-8a74-0fcaa43aafd1,Angela,Rebecca Carter,+34 254423310,87838,https://ejemplo.com/registro/95,*información adicional*,Fallit,No contesta,,
288db66f-7569-4789-8a4a-fc10d157ece1,Rebecca,Natalie Bradford,+34 956239735,53658,https://ejemplo.com/registro/67,*información adicional*,Pendent,No contrata por mejor oferta,,
ac223d5d-3f8a-444b-91c6-fe577aeb3b84,Tonya,Colleen Palmer,+34 902985040,37438,https://ejemplo.com/registro/65,*información adicional*,Actiu,No contesta,,
96c6d3bc-8368-4f67-875c-b9365eb08585,James,Steven Arnold,+34 145758795,26206,https://ejemplo.com/registro/35,*información adicional*,Fallit,Robinsion,,
1324e523-c8dc-4e07-bc13-bba0686532fa,Paula,Kimberly Rhodes,+34 443517703,15456,https://ejemplo.com/registro/17,*información adicional*,Actiu,Cuelga/no colabora,,
8d7ffbc1-9bd1-4975-9458-95263d905764,Bonnie,Kelsey Lowery,+34 269029900,33510,https://ejemplo.com/registro/43,*información adicional*,Actiu,Robinsion,,
a28ad28c-433a-4054-a5ed-8bf11f5ffab5,Robert,James Camacho,+34 151686597,74642,https://ejemplo.com/registro/3,*información adicional*,Fallit,No contesta,,
b5ea11a9-cceb-4c7f-bec4-5cfe1f8cf55d,Marcus,Samantha Taylor,+34 452648215,60861,https://ejemplo.com/registro/40,*información adicional*,Fallit,Cuelga/no colabora,,
a9834a1a-8a49-4d31-81d0-3f7c15beaa10,Steven,Robert Mendoza,+34 541585686,60657,https://ejemplo.com/registro/85,*información adicional*,Fallit,Contrata,,
2f676dc6-cfff-4176-af59-ce1cefed9796,Kimberly,Stephanie Walker,+34 812521845,98895,https://ejemplo.com/registro/40,*información adicional*,Pendent,Volver a llamar,,
3470a6e4-06d5-468a-b3a8-e1ad4c243c93,Anthony,Krista Ramirez,+34 135356037,66408,https://ejemplo.com/registro/92,*información adicional*,Fallit,No contrata por mejor oferta,,
1a31c19a-4115-4589-bfec-893a7a613bfc,Todd,Emily Scott,+34 890571459,32271,https://ejemplo.com/registro/74,*información adicional*,Actiu,No contrata por mejor oferta,,
db2bdbfc-431d-4793-9e06-1eca0a423e0b,Connor,William Carr,+34 256536272,94252,https://ejemplo.com/registro/73,*información adicional*,Pendent,Telefono erroneo,,
c446062c-2826-4fba-a1a1-5c51282dcdbe,Jeremy,Justin Thompson,+34 354657453,78759,https://ejemplo.com/registro/22,*información adicional*,Fallit,Robinsion,,
41b3628a-9593-4619-be70-35c0d3dcf0ed,Mark,Victor Williams,+34 830242420,23241,https://ejemplo.com/registro/98,*información adicional*,Pendent,Volver a llamar,,
fbcad20a-d584-4d7e-a78c-6223992f9947,Phyllis,Robin Grimes,+34 470697132,49259,https://ejemplo.com/registro/16,*información adicional*,Actiu,Robinsion,,
2c9a321c-ffef-4470-b9e8-e9a408c55e5c,Scott,Joshua Rice,+34 474012273,20070,https://ejemplo.com/registro/18,*información adicional*,Fallit,No contesta,,
88148b31-16e2-4450-a3ab-c5bebb4b34d6,Paul,Barbara Durham,+34 969530078,90270,https://ejemplo.com/registro/38,*información adicional*,Pendent,NO interesa propuesta,,
92ac7cce-8ac7-40f2-8fc0-b1a78ab5b066,Laura,Michael Jones,+34 993800740,77599,https://ejemplo.com/registro/59,*información adicional*,Actiu,No contesta,,
dbc774e4-ee88-40c3-9504-2640217f7b30,Colleen,Tiffany Meza,+34 951206912,77072,https://ejemplo.com/registro/13,*información adicional*,Actiu,Telefono erroneo,,
871e1b26-c54f-43c2-87cf-9517e6f1de65,William,Donald Fleming,+34 408053805,84028,https://ejemplo.com/registro/93,*información adicional*,Fallit,Contrata,,
d869b89a-9e4d-4e1a-9d23-9e9352abaed0,Kristina,Steven King,+34 581551532,45566,https://ejemplo.com/registro/42,*información adicional*,Fallit,Telefono erroneo,,
f7601722-cbd0-42ae-aa97-bb17f49d98cd,Nicole,Karen Taylor,+34 854284812,83628,https://ejemplo.com/registro/3,*información adicional*,Pendent,Cuelga/no colabora,,
f321eb26-e02d-42cb-8a59-3380af5ab5e6,Donald,Jamie Morton,+34 625099448,14359,https://ejemplo.com/registro/23,*información adicional*,Pendent,No contesta,,
12a8997f-4db3-43dd-9ffc-d95e5d82372a,Rachel,Jerome Ramirez,+34 558997009,14456,https://ejemplo.com/registro/35,*información adicional*,Fallit,Volver a llamar,,
61b60b7c-7519-4626-aa78-ce3fa8d59ca2,Bryan,Jacob Conrad,+34 126254655,10387,https://ejemplo.com/registro/32,*información adicional*,Actiu,Contrata,,
cd6966a4-6649-471b-9a6b-4701d72c0355,Kendra,Alfred Vazquez,+34 663536938,38307,https://ejemplo.com/registro/73,*información adicional*,Pendent,No contesta,,
c6bbcf98-1d7c-49df-aa7b-1c329ee738a5,Victor,Kyle Jennings,+34 563833509,10288,https://ejemplo.com/registro/76,*información adicional*,Pendent,Telefono erroneo,,
9dd6ab92-1d7c-4744-92ea-1e664b74f848,Ronald,Daisy Lambert,+34 845264505,30485,https://ejemplo.com/registro/63,*información adicional*,Fallit,Cuelga/no colabora,,
f1b294bf-78ef-4f3b-b601-5c68e0c4d3d5,Olivia,Michael Donaldson,+34 502385922,63446,https://ejemplo.com/registro/84,*información adicional*,Pendent,Contrata,,
745189f4-c7a7-4cb2-b446-42c308404f75,Stephanie,Ashley Stone,+34 425831057,58057,https://ejemplo.com/registro/68,*información adicional*,Actiu,Robinsion,,
bd22c396-cd08-429f-8c18-edec82fad6a4,William,William Garcia,+34 484535775,36492,https://ejemplo.com/registro/86,*información adicional*,Fallit,No contesta,,
8d57da6a-8867-4916-b2b2-03533a30e8bf,Alicia,Jennifer Miller,+34 402860651,70979,https://ejemplo.com/registro/9,*información adicional*,Fallit,Volver a llamar,,
2435f0c1-bd15-453f-ae94-a59d602f9663,Christopher,John Butler,+34 931291159,35682,https://ejemplo.com/registro/95,*información adicional*,Fallit,Robinsion,,
04269c37-81f8-4e8d-90aa-d0c795573d1b,Mark,Stephanie Gay,+34 109044795,98372,https://ejemplo.com/registro/93,*información adicional*,Actiu,Telefono erroneo,,
14d244a0-fd70-4533-bb87-b067ae2fc76e,Bobby,Angela Martinez,+34 818190063,78858,https://ejemplo.com/registro/3,*información adicional*,Fallit,No contesta,,
c59b56b7-1a4f-4651-832e-7dd40047ec3e,Carrie,Kathleen Morris,+34 680019963,81952,https://ejemplo.com/registro/64,*información adicional*,Pendent,No contesta,,
8ffdd3d0-d535-4bf0-834e-03d1c0f6b595,Sarah,Alisha Phillips,+34 600151307,89148,https://ejemplo.com/registro/12,*información adicional*,Fallit,NO interesa propuesta,,
4fc0d0c2-a79f-43fc-8652-91c153a5a2c1,Tiffany,William Winters,+34 306894492,10403,https://ejemplo.com/registro/35,*información adicional*,Actiu,Contrata,,
a10fbe9a-ef26-4441-9e5e-2e2be79b71a9,Shannon,Sierra Taylor,+34 105263805,60891,https://ejemplo.com/registro/16,*información adicional*,Actiu,Contrata,,
37892894-f758-445d-84f5-b3e1656c244f,Renee,Jonathan Hunter,+34 997752686,63719,https://ejemplo.com/registro/18,*información adicional*,Fallit,NO interesa propuesta,,
2e4043f6-d225-45d9-96dc-2459e7907e07,Krystal,Kevin Gonzalez,+34 961860347,35586,https://ejemplo.com/registro/27,*información adicional*,Actiu,Contrata,,
82d02776-3b7d-4fd4-9689-dd1b68921d2c,Cynthia,Kayla Rhodes,+34 696689285,23024,https://ejemplo.com/registro/46,*información adicional*,Actiu,Contrata,,
ce6018ac-f37c-47e1-ac8c-db5af09633b5,Ashley,Jane Dunn,+34 153916501,50220,https://ejemplo.com/registro/52,*información adicional*,Actiu,NO interesa propuesta,,
89acb9a8-7707-4c3b-8c3f-586e9624b448,Kevin,David Harris,+34 189592723,64669,https://ejemplo.com/registro/97,*información adicional*,Actiu,Telefono erroneo,,
1a36711a-61e1-4185-973e-97e01f725dbf,Angel,Lisa Roberson,+34 462046089,69187,https://ejemplo.com/registro/19,*información adicional*,Fallit,Robinsion,,
3e332b06-181a-4531-83a9-de33feac16e5,Edwin,Jose Warren,+34 748332004,63911,https://ejemplo.com/registro/87,*información adicional*,Actiu,Telefono erroneo,,
f3c8d427-6f70-42e9-a451-3e653a68e9a7,Pau,Mateu Esteve,9595959595,8014,http://example.com/regusto1,fecha de contacto: 2023 11 12 | resultado: Contrata | ,pendiente,pendiente a responder,,
590e04f6-fd16-4375-9dc0-abc935b2420a,Ruben,Cuñado Manolo,+34 632836298,8003,http://example.com/reguste100,tipo de contrato: AAAA | Respuesta de la calvicie: Es muy calvo | ,pendiente,pendiente a responder,,
83e3a62e-6b1c-447f-80b9-d84d24de491d,Fulanita,Malcriada,+34 632836298,8019,http://example.com/reguste100,,pendiente,pendiente a responder,,Tiene 2 de iq
c1931c9a-f843-4f8e-bbf4-f110271eea52,Susano,Malechón Mugroso,+34 628347434,89723,http://example.com/regustwewe,tipo de contrato: NEAR | Respuesta de la calvicie: Es lol | ,pendiente,pendiente a responder,,Tiene 2 de iq
ad8e941d-6068-4c0e-bcb9-f55652d82ba5,Fulanero,Mumahero Lolol,+34 97658765,18762,http://example.com/regustwe2,tipo de contrato: NEAR | Respuesta de la calvicie: Es lol | ,pendiente,pendiente a responder,,"Hola buenos días, campo muy opcional"
2ef0c046-cf70-4258-8d60-8885eef1d2bd,Fulanero,Mumahero Lolol,+34 97658765,18762,http://example.com/regustwe2,tipo de contrato: NEAR | Respuesta de la calvicie: Es lol | ,pendiente,pendiente a responder,,"Hola buenos días, campo muy opcional"
c0efe67b-265e-4c1a-934a-9ae855df2c2d,Fulanero,Mumahero Lolol,+34 97658765,18762,http://example.com/regustwe2,tipo de contrato: NEAR | Respuesta de la calvicie: Es lol | ,pendiente,pendiente a responder,,"Hola buenos días, campo muy opcional"
de2540fb-3ac2-4cf6-a587-f1b48951c519,Elizabeth Gallagher,Thomas Martin,+34 632436640,91734,http://example.com/registre/7485,tipo de contrato: NEAR | Respuesta de la calvicie: Es lol | ,pendiente,pendiente a responder,,
6e9eee0c-903a-4a77-a68c-fb8c92e1e14b,Tammy Lester,Carol Jackson,+34 400734973,27560,http://example.com/registre/7101,tipo de contrato: NEAR | Respuesta de la calvicie: Es lol | ,pendiente,pendiente a responder,,
d79d56f3-02e3-4f3a-8387-1d3f18445ba6,Jonathan White,Pamela Franco,+34 650347985,20020,http://example.com/registre/9797,tipo de contrato: NEAR | Respuesta de la calvicie: Es lol | ,pendiente,pendiente a responder,,
dd82b875-49ad-401e-ac09-6de4df855b4a,Thomas Smith,Justin Stuart,+34 994331198,22281,http://example.com/registre/1695,tipo de contrato: NEAR | Respuesta de la calvicie: Es lol | ,pendiente,pendiente a responder,,
e5248e67-f64c-4270-8af4-6659c74cc68c,Thomas Gonzalez,Jennifer Wright,+34 156029318,89891,http://example.com/registre/9450,tipo de contrato: NEAR | Respuesta de la calvicie: Es lol | ,pendiente,pendiente a responder,,
dafef7dd-678d-4a32-85e6-ce2f521f1c0b,Amanda Murray,Tina Benson,+34 516201824,64336,http://example.com/registre/5862,tipo de contrato: NEAR | Respuesta de la calvicie: Es lol | ,pendiente,pendiente a responder,,
d11cd706-a971-4318-9e90-7425bcb5478e,Scott Green,Kelsey Christensen,+34 458589947,56605,http://example.com/registre/6294,tipo de contrato: NEAR | Respuesta de la calvicie: Es lol | ,pendiente,pendiente a responder,,
a170d9ff-a193-435b-9e9f-d858cb752127,Cameron Beltran,Edward Floyd,+34 883730012,71163,http://example.com/registre/3916,tipo de contrato: NEAR | Respuesta de la calvicie: Es lol | ,pendiente,pendiente a responder,,
b128f85e-d76d-44b1-a088-e61ca204ce2b,Brian Johnson,Joanna Gordon,+34 886443921,37491,http://example.com/registre/8307,tipo de contrato: NEAR | Respuesta de la calvicie: Es lol | ,pendiente,pendiente a responder,,
0f9982ca-6b7d-4453-af8b-b57c616bf7d4,Patrick Vasquez,Dawn Lee,+34 841754324,98799,http://example.com/registre/4381,tipo de contrato: NEAR | Respuesta de la calvicie: Es lol | ,pendiente,pendiente a responder,,
3913d399-57d3-4cd6-9a6e-7fb67e4e4898,Denise Simon,Carol Morris,+34 798294353,91608,http://example.com/registre/7763,tipo de contrato: NEAR | Respuesta de la calvicie: Es lol | ,pendiente,pendiente a responder,,
ea104101-c709-4dfe-8ab3-864be5aabce9,Roberta Morris,Michael Colon,+34 111318091,18062,http://example.com/registre/2233,tipo de contrato: NEAR | Respuesta de la calvicie: Es lol | ,pendiente,pendiente a responder,,
d5f020e0-47c5-4b6d-b882-02170d9e2601,Zachary Richardson,Philip Wiggins,+34 290167306,53517,http://example.com/registre/8376,tipo de contrato: NEAR | Respuesta de la calvicie: Es lol | ,pendiente,pendiente a responder,,
6690ee3a-d8d8-4d8f-aa9d-390292b2a401,Sandra Kennedy,Mark Harrell,+34 429240343,16343,http://example.com/registre/8316,tipo de contrato: NEAR | Respuesta de la calvicie: Es lol | ,pendiente,pendiente a responder,,
5ac67752-6da5-4357-ae99-70eb8cfc5b3f,Robin Lambert,Stanley Wood,+34 863079095,22922,http://example.com/registre/2349,tipo de contrato: NEAR | Respuesta de la calvicie: Es lol | ,pendiente,pendiente a responder,,
bce0aabe-1b3b-4a4a-9670-6a6a2e730498,Jesse Green,Luis Parker,+34 555777685,42213,http://example.com/registre/2271,tipo de contrato: NEAR | Respuesta de la calvicie: Es lol | ,pendiente,pendiente a responder,,
65ab20e8-6991-4456-a4b6-b2659fbb05fa,Belinda Garza,Lance Bishop,+34 815080086,99242,http://example.com/registre/5073,tipo de contrato: NEAR | Respuesta de la calvicie: Es lol | ,pendiente,pendiente a responder,,
66ca0b8f-1302-4116-b103-3de3e5ea0c37,Jennifer Davis,Daniel Williams,+34 385315067,66187,http://example.com/registre/8093,tipo de contrato: NEAR | Respuesta de la calvicie: Es lol | ,pendiente,pendiente a responder,,
158da8a3-f92c-41e1-83cd-8f3138b45b91,Jeffrey Cole,Jesus Smith,+34 597779654,73444,http://example.com/registre/7062,tipo de contrato: NEAR | Respuesta de la calvicie: Es lol | ,pendiente,pendiente a responder,,
fda9251a-b335-4fae-982a-b9f5cd238b75,Tammy Miller,Amy Daniels,+34 701989376,93995,http://example.com/registre/8880,tipo de contrato: NEAR | Respuesta de la calvicie: Es lol | ,pendiente,pendiente a responder,,
1e2555d8-6c64-4e28-b917-c0dad4db99a8,Randall Montes,Joseph Cruz,+34 646249224,43803,http://example.com/registre/7396,tipo de contrato: NEAR | Respuesta de la calvicie: Es lol | ,pendiente,pendiente a responder,,
7708d16d-ebe1-49f5-bb9e-03a1d48205bb,John Oliver,Elizabeth Williams,+34 325890458,48260,http://example.com/registre/6823,tipo de contrato: NEAR | Respuesta de la calvicie: Es lol | ,pendiente,pendiente a responder,,
ae5aefb1-5bff-4857-a6c0-42c5b682e295,Terry English,Amanda Mack,+34 452861778,74953,http://example.com/registre/3543,tipo de contrato: NEAR | Respuesta de la calvicie: Es lol | ,pendiente,pendiente a responder,,
bd855958-7f2e-40e2-9c96-c7207dd97360,Rhonda Allen,Mx. Benjamin Cummings,+34 331963792,22614,http://example.com/registre/8188,tipo de contrato: NEAR | Respuesta de la calvicie: Es lol | ,pendiente,pendiente a responder,,
d762401d-aa15-4438-9e45-c043b1303c12,Melissa Gonzalez,Laura Gray,+34 819307337,18321,http://example.com/registre/8791,tipo de contrato: NEAR | Respuesta de la calvicie: Es lol | ,pendiente,pendiente a responder,,
33ad91ac-bc11-4995-afb4-0cd5cc18cbc5,Jesse Gordon,Shannon Lang,+34 618519751,32085,http://example.com/registre/2617,tipo de contrato: NEAR | Respuesta de la calvicie: Es lol | ,pendiente,pendiente a responder,,
ba90110e-7759-462e-ac99-ed9b8702b4f5,Natalie Chen,Nicholas Grimes,+34 339165437,55709,http://example.com/registre/2627,tipo de contrato: NEAR | Respuesta de la calvicie: Es lol | ,pendiente,pendiente a responder,,
41837854-a888-4407-bc29-0ef89ec42bbf,Madison Levine MD,Danny Henderson,+34 855726190,75577,http://example.com/registre/7118,tipo de contrato: NEAR | Respuesta de la calvicie: Es lol | ,pendiente,pendiente a responder,,
31079cd5-e23b-4d50-a259-eaba518c992e,Nicole Jefferson,Jennifer Scott,+34 174198312,84074,http://example.com/registre/6008,tipo de contrato: NEAR | Respuesta de la calvicie: Es lol | ,pendiente,pendiente a responder,,
a0df9381-bee5-406c-b091-c086c78a3599,Kristie Wilson,Tiffany Wood,+34 910596205,97866,http://example.com/registre/7943,tipo de contrato: NEAR | Respuesta de la calvicie: Es lol | ,pendiente,pendiente a responder,,
5a1d331c-8343-4cd1-8c52-301d9288d13f,Michael Norman,Paula Woods,+34 178252061,74659,http://example.com/registre/2426,tipo de contrato: NEAR | Respuesta de la calvicie: Es lol | ,pendiente,pendiente a responder,,
dc155b10-b0fc-4131-ae0c-98a9a1191026,Martin Stewart,Annette Montgomery,+34 693721159,89681,http://example.com/registre/3454,tipo de contrato: NEAR | Respuesta de la calvicie: Es lol | ,pendiente,pendiente a responder,,
6068c895-d09c-4553-9d27-6ef4b42a08d6,Courtney Cox,Nathaniel Watkins,+34 355115794,58025,http://example.com/registre/8655,tipo de contrato: NEAR | Respuesta de la calvicie: Es lol | ,pendiente,pendiente a responder,,
7cb7cff6-f498-4e91-bea2-6089124dbdff,Robert Maddox,Frank Davila,+34 853159624,21851,http://example.com/registre/1448,tipo de contrato: NEAR | Respuesta de la calvicie: Es lol | ,pendiente,pendiente a responder,,
0bbab75c-89e7-4701-a448-95fd004e3028,Andrew Alexander,Susan Foster,+34 254903632,90948,http://example.com/registre/2329,tipo de contrato: NEAR | Respuesta de la calvicie: Es lol | ,pendiente,pendiente a responder,,
9f5208ff-fabc-46f2-b860-29778880d455,Tyler Simon,William Hubbard,+34 938264426,30839,http://example.com/registre/2925,tipo de contrato: NEAR | Respuesta de la calvicie: Es lol | ,pendiente,pendiente a responder,,
b01a16f1-7410-4d8d-8637-bbb83ca40bc5,Tammy Rodriguez,Brittany Cook,+34 866781795,88473,http://example.com/registre/4491,tipo de contrato: NEAR | Respuesta de la calvicie: Es lol | ,pendiente,pendiente a responder,,
81e808b1-850d-4269-9ac4-adc9e20557d7,Sarah Owen,Timothy Simpson,+34 433032208,20541,http://example.com/registre/1105,tipo de contrato: NEAR | Respuesta de la calvicie: Es lol | ,pendiente,pendiente a responder,,
29b9c2dc-5070-4b16-8822-4329e0764bc7,Lisa James DVM,Ian Craig,+34 182321873,64292,http://example.com/registre/7289,tipo de contrato: NEAR | Respuesta de la calvicie: Es lol | ,pendiente,pendiente a responder,,
bf784d98-2e66-4083-b3f0-a1796e571f8c,James Cannon,Tom Moses,+34 616990626,40838,http://example.com/registre/7954,tipo de contrato: NEAR | Respuesta de la calvicie: Es lol | ,pendiente,pendiente a responder,,
616756c2-c212-40bc-9a8e-7134ac8638a6,Leslie Ryan,Michelle Yoder,+34 455456176,28906,http://example.com/registre/5182,tipo de contrato: NEAR | Respuesta de la calvicie: Es lol | ,pendiente,pendiente a responder,,
fc9eef0b-71be-47e0-8922-e8486c0755c1,Rhonda Gould,Brittany Johnson,+34 148376376,85172,http://example.com/registre/7043,tipo de contrato: NEAR | Respuesta de la calvicie: Es lol | ,pendiente,pendiente a responder,,
7bb57511-d402-4edb-b0cd-44e36c92e99b,Stephanie Perez,Cynthia Mora,+34 527319131,93052,http://example.com/registre/7042,tipo de contrato: NEAR | Respuesta de la calvicie: Es lol | ,pendiente,pendiente a responder,,
8d16129b-0101-4fa2-9dc5-8e3e8b36f28b,Michael Smith,Dr. Erin Barnett,+34 828897263,90623,http://example.com/registre/7524,tipo de contrato: NEAR | Respuesta de la calvicie: Es lol | ,pendiente,pendiente a responder,,
c2c10d28-25d2-4043-aea5-638d25907cf8,Daniel Rios,Amanda Chang,+34 366758795,28123,http://example.com/registre/7958,tipo de contrato: NEAR | Respuesta de la calvicie: Es lol | ,pendiente,pendiente a responder,,
2913138f-fcf5-437f-8f3a-a093627aecc2,Brenda Fields,Michael Kim,+34 937695803,64126,http://example.com/registre/3766,tipo de contrato: NEAR | Respuesta de la calvicie: Es lol | ,pendiente,pendiente a responder,,
c41e18bb-e604-4634-9bb6-7c38148c467b,Joshua Young,Joshua Ramos,+34 488188033,63882,http://example.com/registre/5001,tipo de contrato: NEAR | Respuesta de la calvicie: Es lol | ,pendiente,pendiente a responder,,
69e4819f-c0cc-4229-9c6b-ecb3ad646b21,Antonio Ingram,Dawn Harrison,+34 923991119,19386,http://example.com/registre/4038,tipo de contrato: NEAR | Respuesta de la calvicie: Es lol | ,pendiente,pendiente a responder,,
d0df32c1-1e58-4a90-b007-789256005308,Crystal Doyle,Brittany Brown,+34 440337327,34686,http://example.com/registre/3210,tipo de contrato: NEAR | Respuesta de la calvicie: Es lol | ,pendiente,pendiente a responder,,
b315ef44-856b-40f9-ac4c-310a0970f195,Robert Fowler,Melissa Park,+34 613540227,21650,http://example.com/registre/7484,tipo de contrato: NEAR | Respuesta de la calvicie: Es lol | ,pendiente,pendiente a responder,,
4830ae36-edd5-4a2d-bbff-46a7e1e713ed,Ryan Campbell,Mx. Jim Nelson,+34 950631558,63742,http://example.com/registre/7904,tipo de contrato: NEAR | Respuesta de la calvicie: Es lol | ,pendiente,pendiente a responder,,
2ade166a-1512-453a-9f38-1f425a55ca23,Henry Contreras,David Vargas,+34 435950072,96852,http://example.com/registre/4687,tipo de contrato: NEAR | Respuesta de la calvicie: Es lol | ,pendiente,pendiente a responder,,
fce8f441-c3fc-4a24-bc0d-5905b6d436df,Timothy Chavez,Daniel Smith,+34 746112768,37996,http://example.com/registre/8193,tipo de contrato: NEAR | Respuesta de la calvicie: Es lol | ,pendiente,pendiente a responder,,
c8b473a0-0d3f-48f4-ad4d-879f13e5122c,Janet Miller,John Jenkins,+34 637137584,23925,http://example.com/registre/5832,tipo de contrato: NEAR | Respuesta de la calvicie: Es lol | ,pendiente,pendiente a responder,,
0ee26054-0b4f-440f-a345-1f901801de85,Jenny Miller,Zoe Richmond,+34 458300654,54080,http://example.com/registre/1245,tipo de contrato: NEAR | Respuesta de la calvicie: Es lol | ,pendiente,pendiente a responder,,
d1bafe76-45a0-4341-a97c-82a8f0c3c34d,Zachary Graham,Luis Ramirez,+34 541426831,80561,http://example.com/registre/5411,tipo de contrato: NEAR | Respuesta de la calvicie: Es lol | ,pendiente,pendiente a responder,,
c4096756-2b7d-432d-9062-4bf26d777f51,Michelle Turner,Edward Cole,+34 268570291,53100,http://example.com/registre/9971,tipo de contrato: NEAR | Respuesta de la calvicie: Es lol | ,pendiente,pendiente a responder,,
84319832-4927-4aca-b5f7-453187a3788c,Rachel Gonzales,David Ward,+34 276872721,24784,http://example.com/registre/8550,tipo de contrato: NEAR | Respuesta de la calvicie: Es lol | ,pendiente,pendiente a responder,,
7f25b7f5-0ba9-4ae8-9ee9-3f0f62560817,Cody Drake,Mx. Lauren Wright,+34 831439992,71899,http://example.com/registre/9737,tipo de contrato: NEAR | Respuesta de la calvicie: Es lol | ,pendiente,pendiente a responder,,
2e4840a2-f76a-456b-8a22-fcddb69a1a6a,Melissa Cole,Laura Horn,+34 360774940,67205,http://example.com/registre/3201,tipo de contrato: NEAR | Respuesta de la calvicie: Es lol | ,pendiente,pendiente a responder,,
05eda91f-d641-4877-bca3-e236ae816556,Ian Wilson,Joanne Snow,+34 366397035,94553,http://example.com/registre/1188,tipo de contrato: NEAR | Respuesta de la calvicie: Es lol | ,pendiente,pendiente a responder,,
ead67de6-79f6-4292-b4be-24f50e74e36f,Chad Brown,Vanessa Cook,+34 824698641,79052,http://example.com/registre/3974,tipo de contrato: NEAR | Respuesta de la calvicie: Es lol | ,pendiente,pendiente a responder,,
2d311ebc-ac31-4a9e-9686-be68e7c68cbd,Christopher Mcclure,Stacey Mcguire,+34 111060385,85252,http://example.com/registre/9839,tipo de contrato: NEAR | Respuesta de la calvicie: Es lol | ,pendiente,pendiente a responder,,
d1b76eb7-0168-4956-a376-425643adaae9,Susan Jackson,Kelly Johnson,+34 505093044,60504,http://example.com/registre/5934,tipo de contrato: NEAR | Respuesta de la calvicie: Es lol | ,pendiente,pendiente a responder,,
99673909-ed44-42f7-80f5-d73fc01d99c2,Stephen Woods,Charles Rodriguez,+34 442680829,92554,http://example.com/registre/2559,tipo de contrato: NEAR | Respuesta de la calvicie: Es lol | ,pendiente,pendiente a responder,,
117f69b3-d7a5-4b19-943a-580e0faf1087,Jennifer Hawkins,Rachel Cooper,+34 807869585,61734,http://example.com/registre/8542,tipo de contrato: NEAR | Respuesta de la calvicie: Es lol | ,pendiente,pendiente a responder,,
ce2ea388-2ad3-4cb4-9fdb-36378db18828,Arthur Taylor,Misc. Katie Horne MD,+34 432258198,82241,http://example.com/registre/7089,tipo de contrato: NEAR | Respuesta de la calvicie: Es lol | ,pendiente,pendiente a responder,,
077855f7-a942-4b71-949d-07950c13e9bf,Tracy Barber,Allison Young,+34 471442451,65710,http://example.com/registre/3337,tipo de contrato: NEAR | Respuesta de la calvicie: Es lol | ,pendiente,pendiente a responder,,
e2428d51-4ebe-44b6-979c-326a97963fba,Daniel Gonzales,Kimberly Wagner,+34 629551209,94179,http://example.com/registre/4435,tipo de contrato: NEAR | Respuesta de la calvicie: Es lol | ,pendiente,pendiente a responder,,
7f203aa1-7345-4fd9-a4de-f7d186142d7c,Shawn George,Allison Murphy,+34 901135053,39979,http://example.com/registre/4323,tipo de contrato: NEAR | Respuesta de la calvicie: Es lol | ,pendiente,pendiente a responder,,
3bb8355a-21ab-46b2-896c-450bc7cd355c,Jared Gomez,Cindy Jones,+34 868847800,45780,http://example.com/registre/3599,tipo de contrato: NEAR | Respuesta de la calvicie: Es lol | ,pendiente,pendiente a responder,,
bca60ee1-68a0-4a61-adeb-0143bcf17d16,Amy Cook,Frank Marshall,+34 584303377,83934,http://example.com/registre/9251,tipo de contrato: NEAR | Respuesta de la calvicie: Es lol | ,pendiente,pendiente a responder,,
c5bd1a3d-4eae-4ed8-8e0f-f26c76001da1,Danny Lawrence,Kathy Larson,+34 120510951,44136,http://example.com/registre/6424,tipo de contrato: NEAR | Respuesta de la calvicie: Es lol | ,pendiente,pendiente a responder,,
1d93093b-050e-443b-a1e6-5f0083b97a63,Jamie Chavez,Christopher Espinoza,+34 434284098,82922,http://example.com/registre/6958,tipo de contrato: NEAR | Respuesta de la calvicie: Es lol | ,pendiente,pendiente a responder,,
373c2451-bedd-4606-bc4d-742e01fda82d,Jill Gordon,Matthew Lee,+34 677534889,67424,http://example.com/registre/5522,tipo de contrato: NEAR | Respuesta de la calvicie: Es lol | ,pendiente,pendiente a responder,,
d24ed84b-de54-4073-af57-2dac71238c08,Luis Baker,Mary Green,+34 803982779,21105,http://example.com/registre/6235,tipo de contrato: NEAR | Respuesta de la calvicie: Es lol | ,pendiente,pendiente a responder,,
06603005-4391-4cca-86f7-d9c838fea6f9,Eric Jimenez,Matthew Martinez,+34 640315460,82275,http://example.com/registre/6861,tipo de contrato: NEAR | Respuesta de la calvicie: Es lol | ,pendiente,pendiente a responder,,
d8e8eaf4-d41c-48b9-9666-0a6ba94023b6,Deborah Mcdaniel,Bryan Johnson,+34 164291573,81048,http://example.com/registre/4673,tipo de contrato: NEAR | Respuesta de la calvicie: Es lol | ,pendiente,pendiente a responder,,
c6433070-1ea5-4536-9830-c922ffdeea34,Robert Nelson,Justin Baker,+34 141808222,80721,http://example.com/registre/4187,tipo de contrato: NEAR | Respuesta de la calvicie: Es lol | ,pendiente,pendiente a responder,,
b078eeba-ee5a-4dd3-a3f4-e865976841b3,William Martinez,Monica Allen,+34 836844035,73916,http://example.com/registre/6358,tipo de contrato: NEAR | Respuesta de la calvicie: Es lol | ,pendiente,pendiente a responder,,
57ecedb8-6fb4-4479-8bf3-e273f19acbff,Jesse Phillips,Samantha Scott,+34 327354654,76611,http://example.com/registre/9943,tipo de contrato: NEAR | Respuesta de la calvicie: Es lol | ,pendiente,pendiente a responder,,
a4d7b971-2b4f-43c6-9f14-65277cbf9ace,Carla Moss,Steven Perez,+34 547051270,24413,http://example.com/registre/3997,tipo de contrato: NEAR | Respuesta de la calvicie: Es lol | ,pendiente,pendiente a responder,,
c8ed84ed-5df0-44b5-9ca8-ac310a34e56a,Vanessa Reid,Bridget Frost,+34 708354894,11419,http://example.com/registre/8799,tipo de contrato: NEAR | Respuesta de la calvicie: Es lol | ,pendiente,pendiente a responder,,
4cb64322-2258-4346-b63e-eaaf75a465c5,Kimberly Parker,Ryan Alvarez,+34 958331839,65270,http://example.com/registre/7410,tipo de contrato: NEAR | Respuesta de la calvicie: Es lol | ,pendiente,pendiente a responder,,
7ceb8bcd-d801-4d58-b560-3f4e3e39c6c9,Gary Guerrero,George Romero,+34 535452126,72136,http://example.com/registre/4226,tipo de contrato: NEAR | Respuesta de la calvicie: Es lol | ,pendiente,pendiente a responder,,
88c4484e-f5ce-4bd7-bb72-f030f4f5e066,Andrew Harvey,Angela Garcia,+34 674348896,59939,http://example.com/registre/8249,tipo de contrato: NEAR | Respuesta de la calvicie: Es lol | ,pendiente,pendiente a responder,,
d58b4295-4238-4102-ad81-0b660a5b6f81,Michael James,Heidi Robles,+34 721794841,31273,http://example.com/registre/2317,tipo de contrato: NEAR | Respuesta de la calvicie: Es lol | ,pendiente,pendiente a responder,,
e1d9aa38-4f7f-4118-88cf-15f8263ddae7,Jessica Williams,Matthew Anderson,+34 286561222,66157,http://example.com/registre/5014,tipo de contrato: NEAR | Respuesta de la calvicie: Es lol | ,pendiente,pendiente a responder,,
0d9971e2-9061-4578-8ed8-41e8b5cdba56,Timothy Petty,Michael Yang,+34 260924847,26920,http://example.com/registre/8340,tipo de contrato: NEAR | Respuesta de la calvicie: Es lol | ,pendiente,pendiente a responder,,
6b781d5c-1b92-4d13-ba19-4e40b5f41527,Bobby Li,Raymond Butler,+34 624771297,13428,http://example.com/registre/7341,tipo de contrato: NEAR | Respuesta de la calvicie: Es lol | ,pendiente,pendiente a responder,,
7474380f-8dfd-4c9e-b026-1c89aaeddc04,Samantha Solis,Lindsay Hurley,+34 610981976,74674,http://example.com/registre/5899,tipo de contrato: NEAR | Respuesta de la calvicie: Es lol | ,pendiente,pendiente a responder,,
ca91718c-0bf5-4dc0-8129-94c4eb16c8c7,Andrew Riggs,Kristen Stein,+34 470431565,11782,http://example.com/registre/2557,tipo de contrato: NEAR | Respuesta de la calvicie: Es lol | ,pendiente,pendiente a responder,,
303e4d11-9b5a-4054-9e41-934b596ec993,Linda Long,Matthew Delacruz,+34 576991602,76189,http://example.com/registre/4794,tipo de contrato: NEAR | Respuesta de la calvicie: Es lol | ,pendiente,pendiente a responder,,
017744fc-83eb-41c7-b444-3835d73faf93,Alfred Adkins,Kara Taylor,+34 456276138,67753,http://example.com/registre/1046,tipo de contrato: NEAR | Respuesta de la calvicie: Es lol | ,pendiente,pendiente a responder,,
2db78bdf-d7a8-4148-8665-962026261366,Daniel Love,Joanna Warner,+34 753312155,86627,http://example.com/registre/7192,tipo de contrato: NEAR | Respuesta de la calvicie: Es lol | ,pendiente,pendiente a responder,,
23f78f2f-84e6-4830-840c-b599f6024136,Sharon Haynes,Dean Aguilar,+34 950658767,25690,http://example.com/registre/1645,tipo de contrato: NEAR | Respuesta de la calvicie: Es lol | ,pendiente,pendiente a responder,,
072b068e-fc65-4f6d-97fa-224ce8e3ab82,Rachel Schwartz MD,Kristi Ward,+34 775333458,55464,http://example.com/registre/6581,tipo de contrato: NEAR | Respuesta de la calvicie: Es lol | ,pendiente,pendiente a responder,,
084e76fd-a703-4607-b475-2070ee77cdd1,Audrey Melton,Mercedes Johnson,+34 620385281,31756,http://example.com/registre/5256,tipo de contrato: NEAR | Respuesta de la calvicie: Es lol | ,pendiente,pendiente a responder,,
a0ed2189-43fa-4c29-91a2-6c16c46b8ef8,Charlene Harris,Michelle Johnson,+34 111454058,60824,http://example.com/registre/2926,tipo de contrato: NEAR | Respuesta de la calvicie: Es lol | ,pendiente,pendiente a responder,,
6c57a73e-240a-4c84-aeb8-c6542aff0112,Victoria Collins,Brenda Hopkins,+34 622765414,15379,http://example.com/registre/1187,tipo de contrato: NEAR | Respuesta de la calvicie: Es lol | ,pendiente,pendiente a responder,,
